Barcode_ID	Barcodes	Barcode_Reverse_Complement	Adapter_Sequence
BC0001	GCATAC	GTATGC	CAAGCAGAAGACGGCATACGAGATGTATGCGTGACTGGAGTTCAGACGTGTGCTCTTCCGATCTNNNNN
BC0002	AGAGGA	TCCTCT	CAAGCAGAAGACGGCATACGAGATTCCTCTGTGACTGGAGTTCAGACGTGTGCTCTTCCGATCTNNNNN
BC0003	ACAAGC	GCTTGT	CAAGCAGAAGACGGCATACGAGATGCTTGTGTGACTGGAGTTCAGACGTGTGCTCTTCCGATCTNNNNN
BC0004	TGGTCC	GGACCA	CAAGCAGAAGACGGCATACGAGATGGACCAGTGACTGGAGTTCAGACGTGTGCTCTTCCGATCTNNNNN
BC0005	ACCAAT	ATTGGT	CAAGCAGAAGACGGCATACGAGATATTGGTGTGACTGGAGTTCAGACGTGTGCTCTTCCGATCTNNNNN
BC0006	CTAGTC	GACTAG	CAAGCAGAAGACGGCATACGAGATGACTAGGTGACTGGAGTTCAGACGTGTGCTCTTCCGATCTNNNNN
BC0007	TGCCTG	CAGGCA	CAAGCAGAAGACGGCATACGAGATCAGGCAGTGACTGGAGTTCAGACGTGTGCTCTTCCGATCTNNNNN
BC0008	GCCCGA	TCGGGC	CAAGCAGAAGACGGCATACGAGATTCGGGCGTGACTGGAGTTCAGACGTGTGCTCTTCCGATCTNNNNN
BC0009	GACGCT	AGCGTC	CAAGCAGAAGACGGCATACGAGATAGCGTCGTGACTGGAGTTCAGACGTGTGCTCTTCCGATCTNNNNN
BC0010	GTCGAA	TTCGAC	CAAGCAGAAGACGGCATACGAGATTTCGACGTGACTGGAGTTCAGACGTGTGCTCTTCCGATCTNNNNN
BC0011	GAGTTG	CAACTC	CAAGCAGAAGACGGCATACGAGATCAACTCGTGACTGGAGTTCAGACGTGTGCTCTTCCGATCTNNNNN
BC0012	CCTTTC	GAAAGG	CAAGCAGAAGACGGCATACGAGATGAAAGGGTGACTGGAGTTCAGACGTGTGCTCTTCCGATCTNNNNN
BC0013	CCAGTG	CACTGG	CAAGCAGAAGACGGCATACGAGATCACTGGGTGACTGGAGTTCAGACGTGTGCTCTTCCGATCTNNNNN
BC0014	TAAGTG	CACTTA	CAAGCAGAAGACGGCATACGAGATCACTTAGTGACTGGAGTTCAGACGTGTGCTCTTCCGATCTNNNNN
BC0015	TCTGGG	CCCAGA	CAAGCAGAAGACGGCATACGAGATCCCAGAGTGACTGGAGTTCAGACGTGTGCTCTTCCGATCTNNNNN
BC0016	ATCGGC	GCCGAT	CAAGCAGAAGACGGCATACGAGATGCCGATGTGACTGGAGTTCAGACGTGTGCTCTTCCGATCTNNNNN
BC0017	GTCCAG	CTGGAC	CAAGCAGAAGACGGCATACGAGATCTGGACGTGACTGGAGTTCAGACGTGTGCTCTTCCGATCTNNNNN
BC0018	AGCATG	CATGCT	CAAGCAGAAGACGGCATACGAGATCATGCTGTGACTGGAGTTCAGACGTGTGCTCTTCCGATCTNNNNN
BC0019	TGTCTC	GAGACA	CAAGCAGAAGACGGCATACGAGATGAGACAGTGACTGGAGTTCAGACGTGTGCTCTTCCGATCTNNNNN
BC0020	CTTCTC	GAGAAG	CAAGCAGAAGACGGCATACGAGATGAGAAGGTGACTGGAGTTCAGACGTGTGCTCTTCCGATCTNNNNN
BC0021	CGGGTC	GACCCG	CAAGCAGAAGACGGCATACGAGATGACCCGGTGACTGGAGTTCAGACGTGTGCTCTTCCGATCTNNNNN
BC0022	CGATTG	CAATCG	CAAGCAGAAGACGGCATACGAGATCAATCGGTGACTGGAGTTCAGACGTGTGCTCTTCCGATCTNNNNN
BC0023	TCAAAC	GTTTGA	CAAGCAGAAGACGGCATACGAGATGTTTGAGTGACTGGAGTTCAGACGTGTGCTCTTCCGATCTNNNNN
BC0024	TAGGAA	TTCCTA	CAAGCAGAAGACGGCATACGAGATTTCCTAGTGACTGGAGTTCAGACGTGTGCTCTTCCGATCTNNNNN
BC0025	TACTAC	GTAGTA	CAAGCAGAAGACGGCATACGAGATGTAGTAGTGACTGGAGTTCAGACGTGTGCTCTTCCGATCTNNNNN
BC0026	GCCTTT	AAAGGC	CAAGCAGAAGACGGCATACGAGATAAAGGCGTGACTGGAGTTCAGACGTGTGCTCTTCCGATCTNNNNN
BC0027	AACCTT	AAGGTT	CAAGCAGAAGACGGCATACGAGATAAGGTTGTGACTGGAGTTCAGACGTGTGCTCTTCCGATCTNNNNN
BC0028	GAGGTA	TACCTC	CAAGCAGAAGACGGCATACGAGATTACCTCGTGACTGGAGTTCAGACGTGTGCTCTTCCGATCTNNNNN
BC0029	ATGGCA	TGCCAT	CAAGCAGAAGACGGCATACGAGATTGCCATGTGACTGGAGTTCAGACGTGTGCTCTTCCGATCTNNNNN
BC0030	CACGCG	CGCGTG	CAAGCAGAAGACGGCATACGAGATCGCGTGGTGACTGGAGTTCAGACGTGTGCTCTTCCGATCTNNNNN
BC0031	CGTGGC	GCCACG	CAAGCAGAAGACGGCATACGAGATGCCACGGTGACTGGAGTTCAGACGTGTGCTCTTCCGATCTNNNNN
BC0032	CACTTT	AAAGTG	CAAGCAGAAGACGGCATACGAGATAAAGTGGTGACTGGAGTTCAGACGTGTGCTCTTCCGATCTNNNNN
BC0033	GTCAGA	TCTGAC	CAAGCAGAAGACGGCATACGAGATTCTGACGTGACTGGAGTTCAGACGTGTGCTCTTCCGATCTNNNNN
BC0034	ATGCCC	GGGCAT	CAAGCAGAAGACGGCATACGAGATGGGCATGTGACTGGAGTTCAGACGTGTGCTCTTCCGATCTNNNNN
BC0035	CGCAGA	TCTGCG	CAAGCAGAAGACGGCATACGAGATTCTGCGGTGACTGGAGTTCAGACGTGTGCTCTTCCGATCTNNNNN
BC0036	TTGAGG	CCTCAA	CAAGCAGAAGACGGCATACGAGATCCTCAAGTGACTGGAGTTCAGACGTGTGCTCTTCCGATCTNNNNN
BC0037	GAGCCA	TGGCTC	CAAGCAGAAGACGGCATACGAGATTGGCTCGTGACTGGAGTTCAGACGTGTGCTCTTCCGATCTNNNNN
BC0038	CGGCAT	ATGCCG	CAAGCAGAAGACGGCATACGAGATATGCCGGTGACTGGAGTTCAGACGTGTGCTCTTCCGATCTNNNNN
BC0039	GCCACT	AGTGGC	CAAGCAGAAGACGGCATACGAGATAGTGGCGTGACTGGAGTTCAGACGTGTGCTCTTCCGATCTNNNNN
BC0040	GGTATA	TATACC	CAAGCAGAAGACGGCATACGAGATTATACCGTGACTGGAGTTCAGACGTGTGCTCTTCCGATCTNNNNN
BC0041	GATGCG	CGCATC	CAAGCAGAAGACGGCATACGAGATCGCATCGTGACTGGAGTTCAGACGTGTGCTCTTCCGATCTNNNNN
BC0042	TGTCAG	CTGACA	CAAGCAGAAGACGGCATACGAGATCTGACAGTGACTGGAGTTCAGACGTGTGCTCTTCCGATCTNNNNN
BC0043	CAAGGG	CCCTTG	CAAGCAGAAGACGGCATACGAGATCCCTTGGTGACTGGAGTTCAGACGTGTGCTCTTCCGATCTNNNNN
BC0044	ATACCT	AGGTAT	CAAGCAGAAGACGGCATACGAGATAGGTATGTGACTGGAGTTCAGACGTGTGCTCTTCCGATCTNNNNN
BC0045	TGCATC	GATGCA	CAAGCAGAAGACGGCATACGAGATGATGCAGTGACTGGAGTTCAGACGTGTGCTCTTCCGATCTNNNNN
BC0046	AGAACC	GGTTCT	CAAGCAGAAGACGGCATACGAGATGGTTCTGTGACTGGAGTTCAGACGTGTGCTCTTCCGATCTNNNNN
BC0047	CAAATC	GATTTG	CAAGCAGAAGACGGCATACGAGATGATTTGGTGACTGGAGTTCAGACGTGTGCTCTTCCGATCTNNNNN
BC0048	GGTTCA	TGAACC	CAAGCAGAAGACGGCATACGAGATTGAACCGTGACTGGAGTTCAGACGTGTGCTCTTCCGATCTNNNNN
BC0049	CCGATC	GATCGG	CAAGCAGAAGACGGCATACGAGATGATCGGGTGACTGGAGTTCAGACGTGTGCTCTTCCGATCTNNNNN
BC0050	ATTGCC	GGCAAT	CAAGCAGAAGACGGCATACGAGATGGCAATGTGACTGGAGTTCAGACGTGTGCTCTTCCGATCTNNNNN
BC0051	GAAGGA	TCCTTC	CAAGCAGAAGACGGCATACGAGATTCCTTCGTGACTGGAGTTCAGACGTGTGCTCTTCCGATCTNNNNN
BC0052	AACCGC	GCGGTT	CAAGCAGAAGACGGCATACGAGATGCGGTTGTGACTGGAGTTCAGACGTGTGCTCTTCCGATCTNNNNN
BC0053	TCTATC	GATAGA	CAAGCAGAAGACGGCATACGAGATGATAGAGTGACTGGAGTTCAGACGTGTGCTCTTCCGATCTNNNNN
BC0054	CGATCT	AGATCG	CAAGCAGAAGACGGCATACGAGATAGATCGGTGACTGGAGTTCAGACGTGTGCTCTTCCGATCTNNNNN
BC0055	ATCCTC	GAGGAT	CAAGCAGAAGACGGCATACGAGATGAGGATGTGACTGGAGTTCAGACGTGTGCTCTTCCGATCTNNNNN
BC0056	GATGAA	TTCATC	CAAGCAGAAGACGGCATACGAGATTTCATCGTGACTGGAGTTCAGACGTGTGCTCTTCCGATCTNNNNN
BC0057	ACGTGC	GCACGT	CAAGCAGAAGACGGCATACGAGATGCACGTGTGACTGGAGTTCAGACGTGTGCTCTTCCGATCTNNNNN
BC0058	CCCAGT	ACTGGG	CAAGCAGAAGACGGCATACGAGATACTGGGGTGACTGGAGTTCAGACGTGTGCTCTTCCGATCTNNNNN
BC0059	GGAACA	TGTTCC	CAAGCAGAAGACGGCATACGAGATTGTTCCGTGACTGGAGTTCAGACGTGTGCTCTTCCGATCTNNNNN
BC0060	TTCAAC	GTTGAA	CAAGCAGAAGACGGCATACGAGATGTTGAAGTGACTGGAGTTCAGACGTGTGCTCTTCCGATCTNNNNN
BC0061	ACGCTC	GAGCGT	CAAGCAGAAGACGGCATACGAGATGAGCGTGTGACTGGAGTTCAGACGTGTGCTCTTCCGATCTNNNNN
BC0062	GTTCCT	AGGAAC	CAAGCAGAAGACGGCATACGAGATAGGAACGTGACTGGAGTTCAGACGTGTGCTCTTCCGATCTNNNNN
BC0063	TTCTTC	GAAGAA	CAAGCAGAAGACGGCATACGAGATGAAGAAGTGACTGGAGTTCAGACGTGTGCTCTTCCGATCTNNNNN
BC0064	TGCGAC	GTCGCA	CAAGCAGAAGACGGCATACGAGATGTCGCAGTGACTGGAGTTCAGACGTGTGCTCTTCCGATCTNNNNN
BC0065	TAGTAG	CTACTA	CAAGCAGAAGACGGCATACGAGATCTACTAGTGACTGGAGTTCAGACGTGTGCTCTTCCGATCTNNNNN
BC0066	AAACGG	CCGTTT	CAAGCAGAAGACGGCATACGAGATCCGTTTGTGACTGGAGTTCAGACGTGTGCTCTTCCGATCTNNNNN
BC0067	GGATAA	TTATCC	CAAGCAGAAGACGGCATACGAGATTTATCCGTGACTGGAGTTCAGACGTGTGCTCTTCCGATCTNNNNN
BC0068	CCTATT	AATAGG	CAAGCAGAAGACGGCATACGAGATAATAGGGTGACTGGAGTTCAGACGTGTGCTCTTCCGATCTNNNNN
BC0069	TGGGTG	CACCCA	CAAGCAGAAGACGGCATACGAGATCACCCAGTGACTGGAGTTCAGACGTGTGCTCTTCCGATCTNNNNN
BC0070	ATGTCG	CGACAT	CAAGCAGAAGACGGCATACGAGATCGACATGTGACTGGAGTTCAGACGTGTGCTCTTCCGATCTNNNNN
BC0071	CTACAC	GTGTAG	CAAGCAGAAGACGGCATACGAGATGTGTAGGTGACTGGAGTTCAGACGTGTGCTCTTCCGATCTNNNNN
BC0072	ACTTAC	GTAAGT	CAAGCAGAAGACGGCATACGAGATGTAAGTGTGACTGGAGTTCAGACGTGTGCTCTTCCGATCTNNNNN
BC0073	TGGTGG	CCACCA	CAAGCAGAAGACGGCATACGAGATCCACCAGTGACTGGAGTTCAGACGTGTGCTCTTCCGATCTNNNNN
BC0074	TACGTC	GACGTA	CAAGCAGAAGACGGCATACGAGATGACGTAGTGACTGGAGTTCAGACGTGTGCTCTTCCGATCTNNNNN
BC0075	CATGAC	GTCATG	CAAGCAGAAGACGGCATACGAGATGTCATGGTGACTGGAGTTCAGACGTGTGCTCTTCCGATCTNNNNN
BC0076	TGATGA	TCATCA	CAAGCAGAAGACGGCATACGAGATTCATCAGTGACTGGAGTTCAGACGTGTGCTCTTCCGATCTNNNNN
BC0077	CTACTT	AAGTAG	CAAGCAGAAGACGGCATACGAGATAAGTAGGTGACTGGAGTTCAGACGTGTGCTCTTCCGATCTNNNNN
BC0078	TTAGGG	CCCTAA	CAAGCAGAAGACGGCATACGAGATCCCTAAGTGACTGGAGTTCAGACGTGTGCTCTTCCGATCTNNNNN
BC0079	TCATTC	GAATGA	CAAGCAGAAGACGGCATACGAGATGAATGAGTGACTGGAGTTCAGACGTGTGCTCTTCCGATCTNNNNN
BC0080	TGGTTA	TAACCA	CAAGCAGAAGACGGCATACGAGATTAACCAGTGACTGGAGTTCAGACGTGTGCTCTTCCGATCTNNNNN
BC0081	ATCCGT	ACGGAT	CAAGCAGAAGACGGCATACGAGATACGGATGTGACTGGAGTTCAGACGTGTGCTCTTCCGATCTNNNNN
BC0082	ACGGAA	TTCCGT	CAAGCAGAAGACGGCATACGAGATTTCCGTGTGACTGGAGTTCAGACGTGTGCTCTTCCGATCTNNNNN
BC0083	CGGCTG	CAGCCG	CAAGCAGAAGACGGCATACGAGATCAGCCGGTGACTGGAGTTCAGACGTGTGCTCTTCCGATCTNNNNN
BC0084	TACCAT	ATGGTA	CAAGCAGAAGACGGCATACGAGATATGGTAGTGACTGGAGTTCAGACGTGTGCTCTTCCGATCTNNNNN
BC0085	TAGCCG	CGGCTA	CAAGCAGAAGACGGCATACGAGATCGGCTAGTGACTGGAGTTCAGACGTGTGCTCTTCCGATCTNNNNN
BC0086	AGTCTG	CAGACT	CAAGCAGAAGACGGCATACGAGATCAGACTGTGACTGGAGTTCAGACGTGTGCTCTTCCGATCTNNNNN
BC0087	TGGCAA	TTGCCA	CAAGCAGAAGACGGCATACGAGATTTGCCAGTGACTGGAGTTCAGACGTGTGCTCTTCCGATCTNNNNN
BC0088	TACTCT	AGAGTA	CAAGCAGAAGACGGCATACGAGATAGAGTAGTGACTGGAGTTCAGACGTGTGCTCTTCCGATCTNNNNN
BC0089	AATGGA	TCCATT	CAAGCAGAAGACGGCATACGAGATTCCATTGTGACTGGAGTTCAGACGTGTGCTCTTCCGATCTNNNNN
BC0090	GTTCGA	TCGAAC	CAAGCAGAAGACGGCATACGAGATTCGAACGTGACTGGAGTTCAGACGTGTGCTCTTCCGATCTNNNNN
BC0091	GTAATG	CATTAC	CAAGCAGAAGACGGCATACGAGATCATTACGTGACTGGAGTTCAGACGTGTGCTCTTCCGATCTNNNNN
BC0092	TCTCAT	ATGAGA	CAAGCAGAAGACGGCATACGAGATATGAGAGTGACTGGAGTTCAGACGTGTGCTCTTCCGATCTNNNNN
BC0093	CACAGG	CCTGTG	CAAGCAGAAGACGGCATACGAGATCCTGTGGTGACTGGAGTTCAGACGTGTGCTCTTCCGATCTNNNNN
BC0094	CCGGGT	ACCCGG	CAAGCAGAAGACGGCATACGAGATACCCGGGTGACTGGAGTTCAGACGTGTGCTCTTCCGATCTNNNNN
BC0095	TAGGCC	GGCCTA	CAAGCAGAAGACGGCATACGAGATGGCCTAGTGACTGGAGTTCAGACGTGTGCTCTTCCGATCTNNNNN
BC0096	TTCCTT	AAGGAA	CAAGCAGAAGACGGCATACGAGATAAGGAAGTGACTGGAGTTCAGACGTGTGCTCTTCCGATCTNNNNN
